stage,test_id,test_name,product,platform,architecture,product_version,candidate_commit,artifact_name,artifact_sha256,distribution_channel,result,defect_id,duration_seconds,content_free_observation,tester_role,date_utc
N3,N3-01,Kandidat eindeutig binden,standalone,macOS,,,,,,ZIP,NOT_RUN,,,,,
N3,N3-01,Kandidat eindeutig binden,cowork-plugin,macOS,,,,,,Plugin-ZIP,NOT_RUN,,,,,
N3,N3-02,Fresh Install und erster Start,standalone,macOS,,,,,,ZIP,NOT_RUN,,,,,
N3,N3-02,Fresh Install und erster Start,cowork-plugin,macOS,,,,,,Plugin-ZIP,NOT_RUN,,,,,
N3,N3-03,Standalone-Kommunikation,standalone,macOS,,,,,,ZIP,NOT_RUN,,,,,
N3,N3-04,Cowork-Kommunikation,cowork-plugin,macOS,,,,,,Plugin-ZIP,NOT_RUN,,,,,
N3,N3-05,Datei Ordner und Ergebnisweg,standalone,macOS,,,,,,ZIP,NOT_RUN,,,,,
N3,N3-05,Datei Ordner und Ergebnisweg,cowork-plugin,macOS,,,,,,Plugin-ZIP,NOT_RUN,,,,,
N3,N3-06,Format und Sicherheitsgrenzen,standalone,macOS,,,,,,ZIP,NOT_RUN,,,,,
N3,N3-06,Format und Sicherheitsgrenzen,cowork-plugin,macOS,,,,,,Plugin-ZIP,NOT_RUN,,,,,
N3,N3-07,Abbruch Neustart und Fortsetzung,standalone,macOS,,,,,,ZIP,NOT_RUN,,,,,
N3,N3-07,Abbruch Neustart und Fortsetzung,cowork-plugin,macOS,,,,,,Plugin-ZIP,NOT_RUN,,,,,
N3,N3-08,Quellen und Netzwerkgrenze,standalone,macOS,,,,,,ZIP,NOT_RUN,,,,,
N3,N3-08,Quellen und Netzwerkgrenze,cowork-plugin,macOS,,,,,,Plugin-ZIP,NOT_RUN,,,,,
N3,N3-09,Serien und Grenzlauf,standalone,macOS,,,,,,ZIP,NOT_RUN,,,,,
N3,N3-09,Serien und Grenzlauf,cowork-plugin,macOS,,,,,,Plugin-ZIP,NOT_RUN,,,,,
N3,N3-10,Update Rollback und Entfernen,standalone,macOS,,,,,,ZIP,NOT_RUN,,,,,
N3,N3-10,Update Rollback und Entfernen,cowork-plugin,macOS,,,,,,Plugin-ZIP,NOT_RUN,,,,,
N4,N4-01,Einstieg und Aufgabenverständnis,standalone,macOS,,,,,,ZIP,NOT_RUN,,,,,
N4,N4-01,Einstieg und Aufgabenverständnis,cowork-plugin,macOS,,,,,,Plugin-ZIP,NOT_RUN,,,,,
N4,N4-02,Einfacher Normalweg,standalone,macOS,,,,,,ZIP,NOT_RUN,,,,,
N4,N4-02,Einfacher Normalweg,cowork-plugin,macOS,,,,,,Plugin-ZIP,NOT_RUN,,,,,
N4,N4-03,Ergebnisverständnis,standalone,macOS,,,,,,ZIP,NOT_RUN,,,,,
N4,N4-03,Ergebnisverständnis,cowork-plugin,macOS,,,,,,Plugin-ZIP,NOT_RUN,,,,,
N4,N4-04,Stapel und Historie,standalone,macOS,,,,,,ZIP,NOT_RUN,,,,,
N4,N4-04,Stapel und Historie,cowork-plugin,macOS,,,,,,Plugin-ZIP,NOT_RUN,,,,,
N4,N4-05,Fehler und Wiederaufnahme,standalone,macOS,,,,,,ZIP,NOT_RUN,,,,,
N4,N4-05,Fehler und Wiederaufnahme,cowork-plugin,macOS,,,,,,Plugin-ZIP,NOT_RUN,,,,,
N4,N4-06,Accessibility,standalone,macOS,,,,,,ZIP,NOT_RUN,,,,,
N4,N4-06,Accessibility,cowork-plugin,macOS,,,,,,Plugin-ZIP,NOT_RUN,,,,,
N4,N4-07,Fach Datenschutz und Sicherheitsurteil,standalone,macOS,,,,,,ZIP,NOT_RUN,,,,,
N4,N4-07,Fach Datenschutz und Sicherheitsurteil,cowork-plugin,macOS,,,,,,Plugin-ZIP,NOT_RUN,,,,,
N4,N4-08,Gemeinsames Releaseurteil,standalone,macOS,,,,,,ZIP,NOT_RUN,,,,,
N4,N4-08,Gemeinsames Releaseurteil,cowork-plugin,macOS,,,,,,Plugin-ZIP,NOT_RUN,,,,,
